Método,Dados iniciais,x aproximado,f(x) aproximado,Erro em x,Nº de iterações
Bissecção,"a=1.0, b=2.0, ε=0.0001",1.44741821,2.50738811e-06,6.10351562e-05,14
Posição Falsa,"a=1.0, b=2.0, ε=0.0001",1.44740335,-6.94767402e-06,0.00000000e+00,7
Ponto Fixo,"x0=1.0, ε=0.0001",1.44735635,-3.68437542e-05,1.01228871e-04,10
Newton,"x0=1.0, ε=0.0001",-1.44741437,6.28694977e-8,3.72169125e-4,10
Secante,"x0=1.0, x1=2.0, ε=0.0001",1.44741345,-5.24224992e-7,1.85528948e-4,5
